00:00,926.5,360.1,561.9,149.8,182.6,18.6,0.0,407.3,40.1,82.6,4.0,0.0
00:10,969.5,319.2,560.9,150.4,174.9,18.7,0.0,406.4,40.0,93.7,3.7,0.0
00:20,991.0,311.6,558.1,149.7,159.7,18.6,0.0,405.9,39.9,82.9,3.7,0.0
00:30,1004.5,311.8,556.9,150.2,151.7,18.3,0.0,404.5,39.4,78.5,3.7,0.0
00:40,980.0,311.4,556.4,149.8,140.9,18.3,0.0,404.2,39.3,79.0,3.6,-1.3
00:50,979.6,312.2,556.2,149.4,132.5,18.2,0.0,404.3,40.1,79.7,3.8,-0.0
01:00,979.1,311.5,552.3,150.0,130.6,17.9,0.0,401.8,40.1,77.2,3.7,-4.1
01:10,969.1,312.2,553.9,150.1,126.7,18.0,0.0,398.5,40.2,79.2,3.9,-2.6
01:20,957.7,311.9,552.0,147.7,124.2,18.0,0.0,400.1,40.5,76.8,3.9,-1.9
01:30,966.5,312.0,551.6,147.7,122.8,18.1,0.0,398.3,40.7,82.1,3.9,-1.4
01:40,937.8,312.5,551.4,147.5,116.4,17.8,0.0,399.8,40.4,71.2,4.0,-3.0
01:50,963.9,308.1,548.8,148.0,115.8,17.8,0.0,399.6,40.4,60.9,4.0,-2.0
02:00,962.4,297.9,546.7,147.1,109.2,17.9,0.0,399.6,40.4,64.2,3.9,-0.1
02:10,964.7,284.8,546.2,145.3,102.7,17.8,0.0,400.8,32.9,61.3,4.1,-1.1
02:20,971.7,275.6,546.6,146.2,101.3,17.8,0.0,400.8,33.0,68.5,4.1,-0.8
02:30,957.6,273.0,547.2,144.8,97.3,17.6,0.0,396.8,32.6,61.6,4.1,-0.6
02:40,964.0,272.8,546.9,145.0,102.1,17.7,0.0,396.5,32.9,65.2,4.1,-1.1
02:50,958.4,272.9,546.0,144.9,100.8,17.8,0.0,396.7,32.7,64.8,4.1,0.0
03:00,929.6,273.7,545.4,144.4,92.3,17.6,0.0,396.7,31.5,61.5,4.0,-6.1
03:10,946.9,273.7,546.2,145.2,101.8,17.7,0.0,398.8,30.1,61.5,4.1,0.0
03:20,941.3,273.4,546.1,144.9,101.6,17.3,0.0,399.0,29.8,60.6,4.2,-0.5
03:30,918.4,269.7,545.9,145.2,98.6,17.4,0.0,399.4,29.7,61.4,4.2,0.0
03:40,921.2,263.4,546.3,143.9,97.3,17.7,0.0,400.2,29.9,69.3,4.1,0.0
03:50,907.7,254.4,547.5,145.0,95.5,17.6,0.0,401.5,29.6,64.8,4.1,0.0
04:00,902.1,254.9,547.2,145.6,93.3,17.7,0.0,404.5,29.4,60.9,4.2,-1.4
04:10,912.8,254.3,547.2,146.7,89.2,17.5,0.0,404.0,29.2,61.0,4.1,-0.7
04:20,886.6,254.9,545.6,146.0,92.4,17.5,0.0,403.3,29.3,60.2,4.2,-1.1
04:30,888.5,254.5,547.0,143.6,107.5,17.6,0.0,323.9,29.3,61.9,4.2,-2.5
04:40,924.7,254.3,546.3,142.1,107.2,17.7,0.0,340.8,29.6,31.9,4.2,0.0
04:50,917.3,254.6,546.5,142.5,98.4,17.6,0.0,397.9,29.6,41.0,4.1,0.0
05:00,933.8,247.8,546.5,144.0,88.2,17.5,1.2,394.8,29.2,35.3,4.1,-0.6
05:10,944.6,242.8,545.8,143.7,87.2,17.5,1.3,395.4,29.2,29.2,4.0,-2.3
05:20,917.1,253.0,546.2,145.4,91.3,17.6,1.9,397.8,29.4,30.0,4.3,-1.4
05:30,923.5,253.3,545.8,143.3,89.1,17.7,2.0,399.5,29.2,28.9,4.1,-3.8
05:40,918.4,253.7,546.7,143.6,92.2,18.0,2.4,399.6,29.2,27.7,4.0,-1.7
05:50,912.0,253.6,547.5,142.2,91.6,17.8,7.2,400.9,29.4,31.0,4.1,-1.1
06:00,900.3,253.1,546.4,143.0,88.5,17.9,18.1,402.4,29.1,29.5,3.8,-3.2
06:10,886.1,241.6,546.9,144.8,90.0,18.0,32.3,404.1,29.2,29.4,4.0,-1.2
06:20,899.6,214.9,546.2,144.7,91.2,17.8,52.4,402.0,29.2,29.8,3.9,-1.0
06:30,891.6,213.5,546.1,143.6,89.1,18.0,78.9,399.1,29.5,29.4,3.9,-3.7
06:40,884.2,190.5,547.2,142.2,91.5,18.0,100.2,396.8,28.1,29.8,3.9,0.0
06:50,899.7,178.5,545.3,142.1,97.2,18.0,119.2,393.6,28.2,30.9,3.7,0.0
07:00,870.3,173.0,547.0,143.5,89.9,17.8,151.4,391.0,28.1,29.4,3.7,-0.8
07:10,893.9,173.0,546.8,140.7,88.1,18.0,177.2,392.3,28.1,29.7,3.9,-25.7
07:20,850.9,173.1,547.2,140.7,88.7,18.2,205.9,392.3,27.9,29.6,4.3,-22.4
07:30,862.3,173.0,545.3,138.8,95.2,18.0,246.1,390.9,27.8,14.0,3.9,-22.2
07:40,881.9,173.1,546.0,140.4,97.4,18.2,274.2,371.8,28.7,15.1,3.8,-47.3
07:50,882.6,172.9,545.4,139.7,99.1,18.1,301.5,372.1,28.0,15.0,3.9,-47.2
08:00,879.6,172.9,546.3,139.9,92.4,18.1,334.7,373.3,28.5,0.0,3.6,-52.9
08:10,939.5,172.8,545.7,138.3,84.9,18.1,364.3,372.8,28.5,0.0,4.0,-82.7
08:20,946.6,172.8,544.8,138.7,86.8,18.2,400.3,374.1,29.4,0.0,4.1,-82.1
08:30,930.8,173.0,542.3,138.3,90.0,17.9,436.4,375.8,29.3,0.0,4.2,-83.9
08:40,946.4,172.9,537.7,138.4,95.1,18.1,460.4,375.5,29.7,0.0,4.1,-80.9
08:50,933.3,173.1,536.2,135.9,90.1,18.1,481.7,376.8,28.9,0.0,4.2,-84.2
09:00,926.1,173.0,538.3,136.7,94.1,17.9,509.3,377.6,29.3,0.0,4.1,-102.3
09:10,908.4,188.9,536.1,137.2,82.8,18.2,555.3,378.9,28.7,0.0,3.9,-123.5
09:20,906.7,175.9,534.1,136.0,91.7,18.4,597.5,379.1,29.5,0.0,4.0,-145.3
09:30,894.6,148.2,535.2,137.1,94.5,18.3,643.1,380.7,29.7,0.0,3.8,-140.2
09:40,905.8,148.1,537.4,137.1,100.3,18.4,683.0,382.0,29.7,0.0,3.9,-166.1
09:50,890.4,148.1,537.7,136.8,96.6,18.1,702.5,382.4,30.1,0.0,4.1,-167.0
10:00,919.2,147.8,535.3,138.2,104.4,18.1,728.3,383.0,30.1,0.0,4.1,-183.2
10:10,900.2,148.0,535.9,137.9,89.3,18.0,737.2,385.0,29.9,0.0,4.1,-174.1
10:20,894.2,147.6,538.5,137.3,96.6,18.1,764.1,386.1,30.1,0.0,4.0,-195.5
10:30,918.4,147.8,537.8,138.0,97.1,18.2,772.2,386.1,30.1,0.0,4.1,-197.6
10:40,938.0,146.9,536.6,138.5,95.2,18.1,781.8,383.9,30.4,0.0,4.1,-198.7
10:50,904.1,147.3,535.9,138.2,96.3,18.0,780.4,383.1,30.0,0.0,4.1,-199.5
11:00,881.9,147.1,535.0,137.1,92.3,18.0,818.3,379.7,29.9,0.0,4.3,-202.0
11:10,880.5,146.5,535.5,134.6,92.5,18.1,855.4,378.2,30.2,0.0,4.2,-205.6
11:20,891.0,149.8,537.8,133.2,99.7,18.0,871.8,378.8,30.3,3.6,4.2,-202.4
11:30,915.8,151.8,538.4,131.5,104.0,18.2,868.5,378.5,30.4,5.2,4.1,-224.7
11:40,943.0,155.1,536.1,131.6,106.5,18.2,856.8,381.3,30.4,3.7,4.5,-228.0
11:50,899.2,160.2,537.1,131.8,97.7,18.1,838.8,381.6,30.4,1.8,4.2,-226.8
12:00,897.5,165.2,536.4,131.8,97.2,18.0,840.4,381.7,30.4,0.0,4.3,-229.2
12:10,929.3,168.4,537.6,131.7,94.1,18.1,836.9,380.1,30.4,0.0,4.1,-261.3
12:20,932.3,172.2,538.1,131.6,103.3,18.1,812.9,380.4,30.5,0.0,3.9,-257.0
12:30,941.0,180.4,539.4,131.8,99.7,18.1,796.0,376.7,30.5,0.0,3.8,-257.6
12:40,923.9,188.7,543.5,131.8,100.4,18.1,781.8,375.6,30.8,0.0,3.8,-261.0
12:50,934.2,196.6,546.0,131.8,100.6,18.0,788.5,377.2,30.4,0.0,3.8,-258.3
13:00,944.4,197.5,544.5,131.9,103.9,18.1,782.3,380.6,30.5,0.0,3.9,-255.4
13:10,936.3,199.7,544.2,133.6,93.4,18.2,771.2,382.4,30.2,0.0,3.9,-221.4
13:20,908.3,204.8,545.6,135.1,93.0,18.0,759.7,386.1,30.2,0.0,3.9,-218.4
13:30,907.5,217.2,545.8,136.6,97.2,18.0,764.7,386.3,30.3,0.0,3.9,-218.2
13:40,913.9,236.8,544.7,138.7,100.5,18.0,746.8,388.2,30.0,0.0,4.0,-214.5
13:50,916.8,239.0,544.9,140.1,97.8,18.2,721.6,385.5,30.4,0.0,3.7,-190.2
14:00,936.0,243.5,544.3,140.7,93.5,18.2,707.4,386.7,29.8,0.0,3.8,-190.5
14:10,903.0,245.1,544.4,141.1,96.3,18.0,684.1,388.2,30.6,1.2,3.8,-151.9
14:20,912.9,246.7,544.8,141.6,100.6,18.1,655.7,386.5,30.1,0.4,3.8,-127.9
14:30,929.8,255.4,544.4,143.7,98.2,18.1,627.1,384.8,30.1,0.0,3.9,-128.0
14:40,941.8,261.9,544.5,144.6,98.3,17.9,607.2,384.0,30.2,0.0,4.0,-101.8
14:50,930.9,266.7,545.5,144.8,102.3,18.1,562.7,385.1,30.0,1.5,4.0,-76.0
15:00,933.5,285.9,545.0,144.9,99.3,18.2,538.1,382.9,30.3,1.2,4.0,-75.6
15:10,900.9,321.4,545.1,145.4,102.1,18.0,506.1,383.4,29.9,3.8,4.3,-49.6
15:20,924.1,328.7,543.6,144.4,92.1,18.2,480.8,383.6,30.1,16.4,4.4,-26.2
15:30,905.9,330.0,544.9,145.3,95.2,18.3,428.6,385.7,29.9,37.5,4.3,0.0
15:40,921.0,333.5,545.4,144.6,92.2,18.1,408.9,381.7,36.7,62.7,4.1,0.0
15:50,908.7,345.6,545.8,145.1,93.1,18.0,355.3,402.7,37.1,60.8,4.5,-3.9
16:00,925.5,347.5,545.5,145.5,89.9,18.0,327.3,403.0,37.0,69.4,4.0,0.0
16:10,948.6,349.6,545.3,144.3,92.3,18.1,319.8,404.5,36.7,72.9,4.1,0.0
16:20,972.3,377.4,545.6,144.1,95.0,18.0,282.6,402.3,36.9,65.7,4.1,0.0
16:30,977.3,393.5,545.2,143.3,91.1,18.2,250.3,400.1,36.6,63.1,4.3,0.0
16:40,964.8,415.2,546.2,145.6,87.2,17.9,223.8,396.8,36.6,61.1,4.2,-0.6
16:50,965.4,424.6,545.9,148.1,89.9,18.2,220.1,395.5,36.8,66.3,3.9,-0.0
17:00,978.5,436.6,548.0,149.6,92.4,18.2,187.7,396.2,36.8,67.6,4.2,-4.0
17:10,991.1,448.9,556.3,147.2,87.3,18.1,158.0,393.3,43.5,61.8,4.2,0.0
17:20,965.4,477.1,563.7,148.0,89.7,18.7,125.8,388.5,43.8,87.8,4.0,0.0
17:30,949.2,503.5,571.7,149.9,82.1,18.9,98.1,387.1,46.9,76.9,4.2,-3.9
17:40,947.8,510.6,576.9,149.8,85.8,18.8,78.5,386.2,48.9,82.6,4.0,-0.9
17:50,962.9,511.0,577.5,151.6,86.1,18.8,54.8,386.3,49.0,79.2,3.9,-2.1
18:00,970.6,512.1,576.0,153.5,92.9,18.9,39.1,390.1,49.0,82.2,3.9,-3.0
18:10,963.0,511.8,574.8,151.9,93.8,19.1,32.7,388.8,49.2,121.1,3.6,0.0
18:20,969.3,523.6,574.4,152.4,92.9,18.9,20.9,388.4,49.1,117.2,4.3,0.0
18:30,970.2,523.7,574.3,152.9,90.7,19.2,12.9,385.5,51.1,119.2,4.0,0.0
18:40,978.0,523.8,574.9,152.4,92.6,19.2,13.7,383.4,52.1,117.0,4.0,0.0
18:50,966.9,524.2,575.0,152.8,92.2,19.1,9.0,381.5,51.9,120.5,4.1,0.0
19:00,982.2,523.8,575.7,153.4,96.9,19.1,0.0,374.3,52.0,118.5,3.9,0.0
19:10,974.5,523.9,575.5,151.9,97.2,19.2,0.0,369.8,51.9,120.9,3.6,0.0
19:20,967.4,523.6,575.2,153.0,92.5,19.1,0.0,367.6,52.3,120.3,3.8,0.0
19:30,970.3,523.9,574.1,154.1,89.0,19.0,0.0,366.6,55.1,115.3,3.7,0.0
19:40,968.2,524.0,573.2,153.5,88.0,19.1,0.0,370.6,55.0,110.8,3.8,0.0
19:50,988.0,523.9,564.1,153.6,91.8,19.2,0.0,368.6,55.0,119.5,3.9,0.0
20:00,979.1,524.0,557.1,153.5,92.4,19.2,0.0,368.0,55.5,124.0,3.6,0.0
20:10,990.7,523.8,550.5,154.1,93.6,19.1,0.0,366.7,53.5,123.8,3.9,0.0
20:20,1010.5,524.1,543.3,154.3,85.4,19.3,0.0,362.7,52.8,116.2,3.7,0.0
20:30,1003.0,524.4,545.1,154.1,88.8,19.3,0.0,359.8,53.4,118.6,3.9,0.0
20:40,1007.5,518.2,546.0,152.4,92.5,19.2,0.0,357.3,51.5,123.3,4.0,0.0
20:50,1056.6,499.1,546.5,149.9,89.9,19.4,0.0,357.0,51.0,119.4,4.0,0.0
21:00,1038.7,502.0,545.4,147.1,93.7,19.4,0.0,358.6,51.0,127.1,4.1,0.0
21:10,1032.0,493.6,543.8,146.2,95.0,19.3,0.0,354.1,50.4,123.5,3.9,0.0
21:20,1054.2,477.9,544.9,148.0,89.5,19.3,0.0,344.2,50.3,118.0,3.5,0.0
21:30,1058.9,463.0,544.5,146.3,86.9,19.2,0.0,338.6,50.1,117.4,3.6,0.0
21:40,1057.3,463.2,545.7,146.2,82.1,19.2,0.0,332.6,50.0,116.0,3.5,0.0
21:50,1056.1,460.7,545.6,144.2,92.6,19.2,0.0,335.2,49.9,117.6,3.6,0.0
22:00,1064.8,461.0,545.0,143.9,90.3,19.2,0.0,330.6,50.1,114.6,3.8,0.0
22:10,1070.6,460.2,544.3,143.8,90.8,19.2,0.0,324.2,48.7,87.1,3.8,-1.8
22:20,1072.3,449.9,545.7,143.9,88.6,19.4,0.0,322.0,49.0,84.4,4.2,-2.3
22:30,1072.1,426.0,545.1,143.4,88.9,19.4,0.0,323.8,45.4,102.2,4.1,-1.7
22:40,1072.1,424.0,545.7,144.4,83.6,19.2,0.0,328.9,45.3,77.0,4.3,-2.5
22:50,1056.2,410.9,546.6,143.5,85.0,19.2,0.0,324.9,45.9,78.3,3.9,-3.9
23:00,1059.7,388.9,544.9,143.4,86.2,19.2,0.0,322.0,46.2,82.9,4.0,-2.4
23:10,1069.2,367.7,545.9,143.8,84.3,18.9,0.0,321.5,45.6,79.2,4.1,-4.2
23:20,1070.0,366.7,544.9,144.1,86.4,18.7,0.0,321.2,42.1,80.7,4.1,-3.0
23:30,1071.1,354.7,545.9,143.9,82.5,18.8,0.0,319.8,42.6,100.0,4.0,0.0
23:40,1071.0,346.5,545.7,143.8,83.1,18.7,0.0,320.2,42.5,78.7,4.1,-2.6
23:50,1046.0,333.3,544.5,144.3,82.7,18.5,0.0,318.5,42.1,77.7,3.9,-6.9
